{"cameraMode":{"drawMode":0,"name":"Shaded","section":"Shading Mode"},"sceneLighting":true,"audioPlay":false,"sceneViewState":{"showFog":true,"showMaterialUpdate":false,"showSkybox":true,"showFlares":true,"showImageEffects":true,"showParticleSystems":true},"in2DMode":false,"pivot":{"x":-1.3468093872070313,"y":0.7431602478027344,"z":27.80817413330078},"rotation":{"x":-0.25564685463905337,"y":0.6714223623275757,"z":-0.2672378420829773,"w":-0.6422457098960877},"size":44.71788024902344,"orthographic":false}