{"cameraMode":{"drawMode":0,"name":"Shaded","section":"Shading Mode"},"sceneLighting":true,"audioPlay":false,"sceneViewState":{"showFog":true,"showMaterialUpdate":false,"showSkybox":true,"showFlares":true,"showImageEffects":true,"showParticleSystems":true},"in2DMode":false,"pivot":{"x":-1.5577263832092286,"y":1.3132972717285157,"z":-1.0624756813049317},"rotation":{"x":-0.19261635839939118,"y":0.3670087158679962,"z":-0.07794537395238877,"w":-0.9067337512969971},"size":11.596085548400879,"orthographic":false}