{"cameraMode":{"drawMode":0,"name":"Shaded","section":"Shading Mode"},"sceneLighting":true,"audioPlay":false,"sceneViewState":{"showFog":true,"showMaterialUpdate":false,"showSkybox":true,"showFlares":true,"showImageEffects":true,"showParticleSystems":true},"in2DMode":false,"pivot":{"x":-65.10528564453125,"y":-42.5946159362793,"z":19.938549041748048},"rotation":{"x":0.2298617959022522,"y":-0.5930494070053101,"z":0.18164126574993134,"w":0.7500604391098023},"size":96.48500061035156,"orthographic":false}