{"cameraMode":{"drawMode":0,"name":"Shaded","section":"Shading Mode"},"sceneLighting":true,"audioPlay":false,"sceneViewState":{"showFog":false,"showMaterialUpdate":false,"showSkybox":false,"showFlares":false,"showImageEffects":false,"showParticleSystems":false},"in2DMode":false,"pivot":{"x":2.589247703552246,"y":6.925849914550781,"z":-60.04387283325195},"rotation":{"x":-0.22365319728851319,"y":-0.04685783386230469,"z":0.010747472755610943,"w":-0.9735559225082398},"size":26.235408782958986,"orthographic":false}