{"cameraMode":{"drawMode":0,"name":"Shaded","section":"Shading Mode"},"sceneLighting":true,"audioPlay":false,"sceneViewState":{"showFog":true,"showMaterialUpdate":false,"showSkybox":true,"showFlares":true,"showImageEffects":true,"showParticleSystems":true},"in2DMode":false,"pivot":{"x":4.085174560546875,"y":-2.0107154846191408,"z":365.7931823730469},"rotation":{"x":-0.25564685463905337,"y":0.6714223623275757,"z":-0.2672378420829773,"w":-0.6422457098960877},"size":132.34033203125,"orthographic":false}