{"cameraMode":{"drawMode":0,"name":"Shaded","section":"Shading Mode"},"sceneLighting":true,"audioPlay":false,"sceneViewState":{"showFog":false,"showMaterialUpdate":false,"showSkybox":false,"showFlares":false,"showImageEffects":false,"showParticleSystems":false},"in2DMode":false,"pivot":{"x":-0.18758319318294526,"y":0.9810546636581421,"z":-0.054689645767211917},"rotation":{"x":-0.2180565744638443,"y":-0.004482773132622242,"z":0.0009866743348538876,"w":-0.9759974479675293},"size":3.156935453414917,"orthographic":false}