{"cameraMode":{"drawMode":0,"name":"Shaded","section":"Shading Mode"},"sceneLighting":true,"audioPlay":false,"sceneViewState":{"showFog":true,"showMaterialUpdate":false,"showSkybox":true,"showFlares":true,"showImageEffects":true,"showParticleSystems":true},"in2DMode":false,"pivot":{"x":395.3179931640625,"y":11.373779296875,"z":252.20742797851563},"rotation":{"x":-0.2952845096588135,"y":-0.5712483525276184,"z":0.23102395236492158,"w":-0.7301440238952637},"size":54.8275146484375,"orthographic":false}