{"cameraMode":{"drawMode":0,"name":"Shaded","section":"Shading Mode"},"sceneLighting":false,"audioPlay":false,"sceneViewState":{"showFog":true,"showMaterialUpdate":false,"showSkybox":false,"showFlares":true,"showImageEffects":true,"showParticleSystems":true},"in2DMode":false,"pivot":{"x":2.5716054439544679,"y":1.5158603191375733,"z":-0.12432104349136353},"rotation":{"x":-0.25564685463905337,"y":0.6714223623275757,"z":-0.2672378420829773,"w":-0.6422457098960877},"size":1.4410769939422608,"orthographic":false}